motif,mid_XG,mid_RF,mid_SVM,mid01_XG,mid01_RF,mid01_SVM,all_XG,all_RF,all_SVM
ACTAC,0.6241190443471604,0.6870213928466355,0.5946492472402702,0.7581958860774152,0.9006001091107474,0.9061736081111986,0.943363009968508,0.9445663577548522,0.9504622555914208
ACTGG,0.7795297440462453,0.7451879177471785,0.7864384667263702,0.7907397959183673,0.8028024885446424,0.8274613693601401,0.8499261288436085,0.8720043741553444,0.8743632768023012
ACTTC,0.6801643835616437,0.6223801895608063,0.6276445647140543,0.748520498258006,0.7874214174789979,0.7880749366981546,0.945299431247909,0.9036936936936936,0.91120616180302
AGTAC,0.6190521099369715,0.7809616256495507,0.806970987796454,0.9045582486317436,0.9102489303772852,0.9280094413847366,0.9366487922076044,0.9283363446426416,0.9423880706203668
AGTTC,0.7148346530041919,0.6752421307506054,0.6308035714285714,0.659144399833864,0.8548804137039431,0.8500854700854701,0.9955947136563876,0.96991452991453,0.9516129032258064
CATCA,0.6493780651292234,0.7199307641398972,0.6525561064022604,0.7649633979355382,0.8444826116011357,0.8277364083285137,0.879101787342503,0.8506911155739,0.8685635762413675
CATCC,0.6287848404027441,0.6382885976373844,0.615564631031088,0.7686654327672884,0.8617222955893824,0.8122789268443682,0.9110025270473032,0.8778173619454624,0.9104724207183224
CATCG,0.5384453680837537,0.7063664128589356,0.5899691901493151,0.7810933979299256,0.8531703006919106,0.8125340892577082,0.8763006873093265,0.8613304329409621,0.8559431067044381
CATCT,0.5508305144320222,0.5924748599581562,0.5,0.7257448187572757,0.8054335718082674,0.8077316488240458,0.8807269933830333,0.8308801665179898,0.8413798110491161
CATGA,0.5568977591036415,0.5817582776621495,0.5,0.6476990479484684,0.6603541918439617,0.6129766031195841,0.8845787469099518,0.8488087459653769,0.8392662681541625
CATGC,0.7436974789915967,0.7989766081871345,0.809539748953975,0.8625,0.8729273661041819,0.7906893677818788,0.9353448275862069,0.95495945102932,0.852905569007264
CATGG,0.5896654351395731,0.6242361706689538,0.6040330672250578,0.7793206075533662,0.8293995513340652,0.844783562736884,0.8724863346873276,0.8700292513242154,0.9092197437551848
CATGT,0.5696418277063439,0.6542235217673814,0.5476933073424302,0.8469747098779357,0.8705654761904763,0.8538509316770186,0.9635118153676404,0.9203939786804956,0.9129306766293068
CCTAC,0.7400512781967445,0.7642744984517136,0.7183912064295809,0.7698713650411955,0.8426342123424505,0.8467613182803057,0.8992322291235335,0.9333393564319163,0.8889517478726162
CCTGA,0.5249416543767637,0.5571448229466088,0.5,0.684324715172778,0.7169906286700382,0.7062630060098335,0.8695407329290799,0.8277480557151532,0.8335542829159758
CCTGC,0.6716638105903264,0.6984583502899819,0.6611998103640545,0.8511403176793154,0.8651814710638239,0.8572742859090198,0.9419988545998343,0.930120101843164,0.9281337281622468
CCTGG,0.6821225752610474,0.7148769187468877,0.6762332526545014,0.7620611800040767,0.8018270838309053,0.806192085479903,0.9217830266775932,0.8990614048892503,0.892335842453197
CCTGT,0.7551146491654512,0.7868583299825761,0.7254202038383888,0.8664564801261119,0.9052210274790918,0.9259083803117152,0.9459998540536596,0.8893716249386352,0.9280419135844516
CCTTC,0.4995090819833088,0.6165128312705405,0.5031705952672879,0.660491675137708,0.7593229351293866,0.7218907015564704,0.8398642996561019,0.8398741917177546,0.8142787217677085
CGTGA,0.6393520940546055,0.6896406188693652,0.6805688913036351,0.7574737884462864,0.8180545712260808,0.7927467997806644,0.8736457811194653,0.8411775987725354,0.8611784069181296
CGTGC,0.5304744784268407,0.616765678588927,0.5103897155992567,0.6607829395274329,0.7090930439197766,0.6793785104231392,0.8507669627301193,0.8171624207459872,0.8055417733674777
CGTGG,0.5933748262213209,0.5942494877790446,0.5129147033088529,0.6639636832026867,0.7717622528258062,0.7320488849175323,0.850614348493887,0.8266967879374839,0.8118180313136965
CTTCA,0.6996157751787387,0.6710303956293261,0.640505398990931,0.7016552851490291,0.8058759846919636,0.7656016367307459,0.9462735923608252,0.92616526880242,0.9213985465944714
CTTCC,0.5723495431548743,0.6494028724751967,0.5514812721989021,0.7643223153218536,0.8145260228005605,0.8431707986460525,0.915301097836616,0.8965977827389471,0.8755847498176649
CTTCG,0.7935834625687298,0.7879358322564681,0.7569188344090662,0.7840015559527794,0.8699010896709699,0.8178655316056528,0.9207195633336313,0.9085737802884236,0.8978140667722625
CTTCT,0.5589136079184543,0.5927355743198747,0.5613744486784689,0.7435511452909584,0.8040412102530229,0.7578029673380609,0.8979981875639,0.8785286332765662,0.8540244514556146
GATCA,0.7038110806483063,0.707153547463241,0.6643347308975786,0.729273952656767,0.8201939913825329,0.7933287044922831,0.8937142829894215,0.8603083042197461,0.8659648207433566
GATCC,0.5883604825236134,0.6548616825256169,0.579025692754999,0.7601482955370032,0.7981119417289629,0.7907740940824814,0.8749797063953753,0.8473426837526697,0.8762034710164293
GATCG,0.7372170450572973,0.7028742190281959,0.5782658444176569,0.7650104608909498,0.8189740261220952,0.8336618355818896,0.9040891556490724,0.8640157159986298,0.884869134576435
GATCT,0.6772128851540616,0.6544467073998642,0.6282549019607843,0.871581339891199,0.9076839826839826,0.8484970674486803,0.9582480866863682,0.9247638326585697,0.9076839826839826
GATGA,0.7714962762356128,0.7696759259259259,0.7309862333559016,0.9294372294372296,0.85,0.9500112841345068,0.9619921363040628,0.925925925925926,0.854112554112554
GATGT,0.8162808065720688,0.8526526162790697,0.7531149354240542,0.9570510553000826,0.9197273821529652,0.9367075005372878,0.938935574229692,0.9349198087120596,0.9279641544117648
GCTAC,0.5801291866147829,0.6628363251516262,0.5208674304418985,0.7912456286597267,0.884417158500288,0.8902519636052569,0.9357009744794216,0.9092354263503408,0.9060311224110718
GCTGA,0.5529716207587148,0.5790936682715169,0.5018939393939394,0.6820821813519253,0.742620199146515,0.7333930086543357,0.8866853156205421,0.8371336722488039,0.8213074418169144
GCTGC,0.7243980816912435,0.7524813711729599,0.7350415518320005,0.7742900513600779,0.8286596761325407,0.8086469651542226,0.8735255177714343,0.8562040054937171,0.8533870150772299
GCTGG,0.6722780176810427,0.6556275719837175,0.6202444357921388,0.6656087410762951,0.7746138227208204,0.7210451881908612,0.8392637005879725,0.79383757181782,0.7826776488701155
GCTGT,0.5322443311868649,0.562050279684719,0.5,0.7277514949795203,0.7874419376244194,0.746218487394958,0.8776678717279238,0.879224348534202,0.8328734641795363
GCTTC,0.6780925659891158,0.7368584139851219,0.7038039428388538,0.857566508456353,0.932064549734155,0.9246385805643228,0.9605707004859548,0.9279015642884396,0.923502875629044
GGTAC,0.9420924697422394,0.7951456886831643,0.8969155844155845,0.9280754851344134,0.9393030562696372,0.9275124378109452,0.9716981132075472,0.9684533780011167,0.9247538355850696
GGTGA,0.5125542093781862,0.6238228844169247,0.5052083333333334,0.6456457460899349,0.7443507197028325,0.7700167809827493,0.8728360226501561,0.8117491506427095,0.8589658965896589
GGTGC,0.6110520154979002,0.6393949188066834,0.5414700122211256,0.5843997974947268,0.7292563378553253,0.6905281511246594,0.8774045860264696,0.8428470911020264,0.8565580399997879
GGTGG,0.5932995619190868,0.6191094643319213,0.538545890746061,0.6495568319636128,0.7677167181636144,0.727779239552887,0.8680324942644401,0.80328342873376,0.8277083311225952
GGTGT,0.6015426526214769,0.6598936170212766,0.6248627170304922,0.6624965095311491,0.7991761707218746,0.7732732732732732,0.8797753172753172,0.8329985024844002,0.8861230219838573
GGTTC,0.6309444151118965,0.6448915133205163,0.6156887171403874,0.7196776560420838,0.8567034533741683,0.793353054425889,0.935802967449973,0.9444692608033882,0.9083913831968948
GTTCA,0.717746824014961,0.7141873135565131,0.6368304930006087,0.7968368265397968,0.858957780725022,0.846392852521187,0.918060230863481,0.8920732572386665,0.9067231175941706
GTTCC,0.6866352201257861,0.7044144852956813,0.6740504474229221,0.7982854147948488,0.8818458280771311,0.8323763955342903,0.9233477710009133,0.8698541479426362,0.8421950179669895
GTTCG,0.7699068173206104,0.7464072076039487,0.695643876839517,0.8239735658042744,0.8957530253341772,0.8841583700049639,0.9174915635545556,0.9112443947680068,0.8836535258850401
GTTCT,0.6175139897606857,0.7174358974358975,0.4979338842975206,0.9502976727403932,0.9116317991631798,0.877907949790795,0.9573367808661928,0.95,0.925925925925926
TCTAC,0.5235057237229084,0.6002341235001464,0.5408412160152299,0.8515786749482402,0.838759625041848,0.7840442986054142,0.8852380952380953,0.8594037541405963,0.8909090909090909
TCTGC,0.7229008494324589,0.7611881188118812,0.7217810121995409,0.8510466988727858,0.8448348371310599,0.8722680913064594,0.9017131242741,0.9027293844367016,0.9036106750392464
TCTTC,0.5,0.5251423861852433,0.5,0.8075126528397556,0.8886305618866467,0.8533176996342163,0.9177131609027874,0.8952293679703371,0.8970197359677783
TGTAC,0.5873400994335106,0.6521642619311876,0.5276273929787353,0.7318224299065421,0.8506157635467981,0.855109176537748,0.926490811351419,0.8937390238440414,0.9055561374109762
TGTGC,0.6313012645249487,0.6523534269199008,0.5685667562200677,0.5772089182493806,0.7090317852889988,0.6480015216150856,0.8400582319780288,0.7558907053496048,0.775802671192742
TGTTC,0.5139739639405527,0.5924415280269296,0.5352968917124068,0.7591991766036795,0.8472975727546412,0.8489376600074399,0.923244841874745,0.8911779075827325,0.8771416379332473
