site,Prob,model,,XGB_prob,RF_prob,SVM_prob
239,0.992297828,XGB_prob,,0.992297828,0.89,0.914020399
171,0.951789021,XGB_prob,,0.951789021,0.47,0.603935887
45,0.832289517,XGB_prob,,0.832289517,0.76,0.157442717
770,0.961040258,XGB_prob,,0.961040258,0.89,0.965823672
98,0.208338931,XGB_prob,,0.208338931,0.79,0.561391244
1169,0.949523807,XGB_prob,,0.949523807,0.72,0.21125583
333,0.837735891,XGB_prob,,0.837735891,0.75,0.378215516
1169,0.910424411,XGB_prob,,0.910424411,0.85,0.842829563
1167,0.039640408,XGB_prob,,0.039640408,0.78,0.233645444
162,0.956520915,XGB_prob,,0.956520915,0.88,0.912015646
238,0.945315838,XGB_prob,,0.945315838,0.89,0.599970339
352,0.93314898,XGB_prob,,0.93314898,0.91,0.965219795
160,0.936220646,XGB_prob,,0.936220646,0.87,0.926530607
25,0.979516506,XGB_prob,,0.979516506,0.76,0.656793341
1168,0.901667535,XGB_prob,,0.901667535,0.9,0.464924412
317,0.902573764,XGB_prob,,0.902573764,0.43,0.45067638
932,0.681935012,XGB_prob,,0.681935012,0.32,0.163805044
584,0.812034249,XGB_prob,,0.812034249,0.8,0.902319868
217,0.944887817,XGB_prob,,0.944887817,0.88,0.83487135
107,0.935113132,XGB_prob,,0.935113132,0.6,0.145444363
145,0.583630681,XGB_prob,,0.583630681,0.7,0.507686496
1149,0.827040017,XGB_prob,,0.827040017,0.7,0.321183893
353,0.971920609,XGB_prob,,0.971920609,0.84,0.886342475
67,0.947046876,XGB_prob,,0.947046876,0.86,0.903113208
343,0.909177184,XGB_prob,,0.909177184,0.7,0.606549748
239,0.995916545,XGB_prob,,0.995916545,0.95,0.887997571
990,0.940150738,XGB_prob,,0.940150738,0.82,0.286937383
217,0.912133098,XGB_prob,,0.912133098,0.91,0.653643572
417,0.802854598,XGB_prob,,0.802854598,0.65,0.105387843
87,0.953505456,XGB_prob,,0.953505456,0.16,0.683721027
239,0.912795722,XGB_prob,,0.912795722,0.87,0.81575747
1167,0.905577183,XGB_prob,,0.905577183,0.89,0.881443773
261,0.959469497,XGB_prob,,0.959469497,0.87,0.780556288
378,0.972845256,XGB_prob,,0.972845256,0.88,0.465727633
583,0.938338041,XGB_prob,,0.938338041,0.89,0.898854616
1168,0.982552171,XGB_prob,,0.982552171,0.86,0.686021481
995,0.955937743,XGB_prob,,0.955937743,0.72,0.840481124
352,0.992260158,XGB_prob,,0.992260158,0.84,0.196821972
27,0.926167548,XGB_prob,,0.926167548,0.15,0.37801659
229,0.931547344,XGB_prob,,0.931547344,0.96,0.982255486
217,0.980056345,XGB_prob,,0.980056345,0.85,0.906609324
1148,0.992327392,XGB_prob,,0.992327392,0.86,0.188315926
12,0.88930887,XGB_prob,,0.88930887,0.66,0.226293396
788,0.989632726,XGB_prob,,0.989632726,0.94,0.921193407
52,0.872064769,XGB_prob,,0.872064769,0.7,0.063265701
71,0.898313522,XGB_prob,,0.898313522,0.8,0.73217342
1169,0.962776601,XGB_prob,,0.962776601,0.96,0.988249072
239,0.979393244,XGB_prob,,0.979393244,0.67,0.936690159
349,0.688865185,XGB_prob,,0.688865185,0.76,0.132677671
584,0.900908172,XGB_prob,,0.900908172,0.68,0.176426204
670,0.871530533,XGB_prob,,0.871530533,0.89,0.782342262
356,0.920672715,XGB_prob,,0.920672715,0.91,0.781367449
309,0.967718184,XGB_prob,,0.967718184,0.86,0.585678165
592,0.975094438,XGB_prob,,0.975094438,0.92,0.896113671
58,0.978586614,XGB_prob,,0.978586614,0.83,0.592558486
985,0.928372145,XGB_prob,,0.928372145,0.86,0.824851902
988,0.98988533,XGB_prob,,0.98988533,0.89,0.939541595
1001,0.792919397,XGB_prob,,0.792919397,0.32,0.146845838
55,0.834647357,XGB_prob,,0.834647357,0.75,0.061122325
584,0.923308551,XGB_prob,,0.923308551,0.8,0.987623557
230,0.935677111,XGB_prob,,0.935677111,0.8,0.505791321
576,0.986202717,XGB_prob,,0.986202717,0.87,0.945971781
352,0.867389977,XGB_prob,,0.867389977,0.81,0.140065516
212,0.873770356,XGB_prob,,0.873770356,0.86,0.683551123
1169,0.890071213,XGB_prob,,0.890071213,0.7,0.308478437
1165,0.942240953,XGB_prob,,0.942240953,0.79,0.987049614
53,0.968143582,XGB_prob,,0.968143582,0.89,0.949776549
1168,0.930353403,XGB_prob,,0.930353403,0.91,0.410286799
222,0.917286515,XGB_prob,,0.917286515,0.84,0.188176268
898,0.83380264,XGB_prob,,0.83380264,0.71,0.068363212
175,0.943878412,XGB_prob,,0.943878412,0.72,0.832152628
247,0.918523908,XGB_prob,,0.918523908,0.74,0.128949299
1148,0.820433199,XGB_prob,,0.820433199,0.84,0.5
82,0.951218128,XGB_prob,,0.951218128,0.77,0.162000651
788,0.925066113,XGB_prob,,0.925066113,0.75,0.265187818
25,0.897281528,XGB_prob,,0.897281528,0.91,0.932841467
368,0.989575505,XGB_prob,,0.989575505,0.93,0.743229106
286,0.877313435,XGB_prob,,0.877313435,0.9,0.822868438
579,0.89053458,XGB_prob,,0.89053458,0.78,0.144896055
958,0.893164217,XGB_prob,,0.893164217,0.88,0.847605311
663,0.875168383,XGB_prob,,0.875168383,0.34,0.086064562
239,0.961404741,XGB_prob,,0.961404741,0.92,0.773738481
876,0.95340389,XGB_prob,,0.95340389,0.85,0.597590656
366,0.969851375,XGB_prob,,0.969851375,0.67,0.673757536
65,0.833176672,XGB_prob,,0.833176672,0.8,0.146953828
1168,0.97821939,XGB_prob,,0.97821939,0.9,0.770743883
239,0.985325933,XGB_prob,,0.985325933,0.87,0.805394891
1168,0.975572705,XGB_prob,,0.975572705,0.91,0.782128686
256,0.905360818,XGB_prob,,0.905360818,0.56,0.465239226
41,0.857090771,XGB_prob,,0.857090771,0.93,0.91014599
65,0.915808499,XGB_prob,,0.915808499,0.64,0.332764464
363,0.876972914,XGB_prob,,0.876972914,0.91,0.959784681
1169,0.937088609,XGB_prob,,0.937088609,0.84,0.822795563
105,0.9120363,XGB_prob,,0.9120363,0.82,0.747726211
608,0.917907298,XGB_prob,,0.917907298,0.86,0.8738171
285,0.915653646,XGB_prob,,0.915653646,0.65,0.097556562
620,0.969483614,XGB_prob,,0.969483614,0.82,0.895886909
24,0.827641487,XGB_prob,,0.827641487,0.03,0.110099616
353,0.988377512,XGB_prob,,0.988377512,0.75,0.633210433
29,0.718156695,XGB_prob,,0.718156695,0.64,0.0057258
1160,0.834525108,XGB_prob,,0.834525108,0.66,0.529354111
139,0.932630837,XGB_prob,,0.932630837,0.95,0.968665711
239,0.950477481,XGB_prob,,0.950477481,0.96,0.676194731
172,0.993387699,XGB_prob,,0.993387699,0.94,0.975068434
52,0.953705788,XGB_prob,,0.953705788,0.9,0.798543247
55,0.995303869,XGB_prob,,0.995303869,0.92,0.965925185
460,0.288298994,XGB_prob,,0.288298994,0.15,0.061448324
958,0.987985432,XGB_prob,,0.987985432,0.92,0.85519316
81,0.800347269,XGB_prob,,0.800347269,0.85,0.449251672
833,0.922445297,XGB_prob,,0.922445297,0.87,0.857442447
142,0.755249143,XGB_prob,,0.755249143,0.81,0.475580842
230,0.855725408,XGB_prob,,0.855725408,0.79,0.512796347
367,0.10087914,XGB_prob,,0.10087914,0.74,0.681760641
1169,0.673725128,XGB_prob,,0.673725128,0.77,0.157567415
35,0.865034878,XGB_prob,,0.865034878,0.59,0.032138195
363,0.972677827,XGB_prob,,0.972677827,0.85,0.296770559
629,0.895567119,XGB_prob,,0.895567119,0.9,0.481937752
260,0.929099917,XGB_prob,,0.929099917,0.83,0.601989921
235,0.988583088,XGB_prob,,0.988583088,0.95,0.901405826
114,0.852017641,XGB_prob,,0.852017641,0.8,0.650120054
24,0.941178381,XGB_prob,,0.941178381,0.84,0.956788879
143,0.991054356,XGB_prob,,0.991054356,0.91,0.583294893
95,0.891408741,XGB_prob,,0.891408741,0.69,0.271139162
371,0.98718214,XGB_prob,,0.98718214,0.92,0.841707351
243,0.803219557,XGB_prob,,0.803219557,0.65,0.23320907
218,0.95557493,XGB_prob,,0.95557493,0.8,0.729630082
218,0.372577071,XGB_prob,,0.372577071,0.76,0.256413217
239,0.773457766,XGB_prob,,0.773457766,0.83,0.893014833
99,0.872243047,XGB_prob,,0.872243047,0.67,0.060452167
488,0.972364962,XGB_prob,,0.972364962,0.87,0.797773589
423,0.13109611,XGB_prob,,0.13109611,0.22,0.170649189
1125,0.91865617,XGB_prob,,0.91865617,0.87,0.737049037
287,0.948901355,XGB_prob,,0.948901355,0.75,0.710029671
58,0.965491712,XGB_prob,,0.965491712,0.92,0.588006143
416,0.856511474,XGB_prob,,0.856511474,0.77,0.069153068
612,0.939787269,XGB_prob,,0.939787269,0.59,0.614380524
52,0.930656374,XGB_prob,,0.930656374,0.6,0.294542957
416,0.902694762,XGB_prob,,0.902694762,0.83,0.537052767
895,0.975845754,XGB_prob,,0.975845754,0.93,0.926486357
552,0.882984161,XGB_prob,,0.882984161,0.73,0.546940132
644,0.93450278,XGB_prob,,0.93450278,0.48,0.20058588
671,0.953220785,XGB_prob,,0.953220785,0.9,0.88355504
216,0.952709734,XGB_prob,,0.952709734,0.88,0.864927011
788,0.903059781,XGB_prob,,0.903059781,0.43,0.185644757
135,0.978223145,XGB_prob,,0.978223145,0.86,0.737405658
668,0.911601007,XGB_prob,,0.911601007,0.91,0.872834569
239,0.827119768,XGB_prob,,0.827119768,0.82,0.524298166
256,0.959537625,XGB_prob,,0.959537625,0.76,0.910189119
239,0.901111841,XGB_prob,,0.901111841,0.76,0.779052144
202,0.988411069,XGB_prob,,0.988411069,0.91,0.990090408
196,0.99132967,XGB_prob,,0.99132967,0.94,0.946116174
1169,0.899163187,XGB_prob,,0.899163187,0.88,0.586916604
1167,0.886127174,XGB_prob,,0.886127174,0.77,0.270211251
788,0.979346693,XGB_prob,,0.979346693,0.8,0.561573688
607,0.968302071,XGB_prob,,0.968302071,0.88,0.950767977
222,0.965390384,XGB_prob,,0.965390384,0.89,0.968512306
1169,0.915605068,XGB_prob,,0.915605068,0.77,0.261066076
62,0.901468039,XGB_prob,,0.901468039,0.83,0.182001044
260,0.975012779,XGB_prob,,0.975012779,0.97,0.84851146
1168,0.978253841,XGB_prob,,0.978253841,0.87,0.905021876
79,0.956124961,XGB_prob,,0.956124961,0.4,0.702980448
788,0.973502159,XGB_prob,,0.973502159,0.94,0.943726335
1169,0.969979644,XGB_prob,,0.969979644,0.76,0.915005729
207,0.815971017,XGB_prob,,0.815971017,0.77,0.528563417
658,0.996768713,XGB_prob,,0.996768713,0.85,0.955900324
29,0.929304957,XGB_prob,,0.929304957,0.87,0.828405125
1168,0.976632833,XGB_prob,,0.976632833,0.81,0.978761117
82,0.869059503,XGB_prob,,0.869059503,0.73,0.888296094
716,0.939117074,XGB_prob,,0.939117074,0.82,0.865313937
175,0.919477344,XGB_prob,,0.919477344,0.89,0.958750326
1147,0.892193735,XGB_prob,,0.892193735,0.82,0.356309266
352,0.92039448,XGB_prob,,0.92039448,0.54,0.395074054
933,0.922507524,XGB_prob,,0.922507524,0.63,0.075446092
286,0.96947664,XGB_prob,,0.96947664,0.89,0.835635209
584,0.973194301,XGB_prob,,0.973194301,0.88,0.79879393
237,0.994677305,XGB_prob,,0.994677305,0.62,0.866872337
658,0.875152409,XGB_prob,,0.875152409,0.66,0.839168459
417,0.889672697,XGB_prob,,0.889672697,0.16,0.082494729
114,0.991482496,XGB_prob,,0.991482496,0.89,0.821174432
352,0.984611571,XGB_prob,,0.984611571,0.98,0.849230104
48,0.800614893,XGB_prob,,0.800614893,0.91,0.906728488
235,0.799004436,XGB_prob,,0.799004436,0.78,0.465842763
34,0.036987446,XGB_prob,,0.036987446,0.74,0.153882868
1169,0.689534068,XGB_prob,,0.689534068,0.69,0.074308496
609,0.879524589,XGB_prob,,0.879524589,0.74,0.252407087
92,0.741829395,XGB_prob,,0.741829395,0.75,0.60441685
105,0.972136855,XGB_prob,,0.972136855,0.86,0.927279859
233,0.876573265,XGB_prob,,0.876573265,0.91,0.978178982
788,0.760079265,XGB_prob,,0.760079265,0.63,0.085366211
71,0.821394205,XGB_prob,,0.821394205,0.76,0.175209627
58,0.959197044,XGB_prob,,0.959197044,0.64,0.783122267
788,0.959858418,XGB_prob,,0.959858418,0.72,0.211233897
594,0.087322697,XGB_prob,,0.087322697,0.67,0.251600771
698,0.98341018,XGB_prob,,0.98341018,0.93,0.553224996
901,0.878380537,XGB_prob,,0.878380537,0.78,0.402109013
583,0.913890064,XGB_prob,,0.913890064,0.82,0.492189283
238,0.998252571,XGB_prob,,0.998252571,0.98,0.995834212
19,0.896486223,XGB_prob,,0.896486223,0.96,0.889072926
109,0.890100896,XGB_prob,,0.890100896,0.06,0.358813144
1169,0.959559262,XGB_prob,,0.959559262,0.83,0.628298938
116,0.983789504,XGB_prob,,0.983789504,0.97,0.962145712
1167,0.971312106,XGB_prob,,0.971312106,0.98,0.965706106
512,0.975755692,XGB_prob,,0.975755692,0.96,0.818003308
363,0.90445292,XGB_prob,,0.90445292,0.8,0.685797121
101,0.967132807,XGB_prob,,0.967132807,0.85,0.441100616
55,0.003777355,XGB_prob,,0.003777355,0.78,0.09164508
611,0.982008934,XGB_prob,,0.982008934,0.93,0.984607246
269,0.802780628,XGB_prob,,0.802780628,0.65,0.013715135
988,0.943098664,XGB_prob,,0.943098664,0.93,0.51443736
1148,0.955190063,XGB_prob,,0.955190063,0.9,0.350667102
391,0.886046946,XGB_prob,,0.886046946,0.09,0.089194111
176,0.982760966,XGB_prob,,0.982760966,0.96,0.95154955
175,0.993537843,XGB_prob,,0.993537843,0.81,0.526006387
1167,0.990583897,XGB_prob,,0.990583897,0.89,0.725084474
1169,0.985132396,XGB_prob,,0.985132396,0.93,0.970482188
103,0.97384268,XGB_prob,,0.97384268,0.91,0.925746892
58,0.342346013,XGB_prob,,0.342346013,0.79,0.460497772
1167,0.876164019,XGB_prob,,0.876164019,0.68,0.18827303
1000,0.949688911,XGB_prob,,0.949688911,0.91,0.873573945
834,0.781103313,XGB_prob,,0.781103313,0.84,0.675369818
84,0.729837418,XGB_prob,,0.729837418,0.79,0.209976944
418,0.680153191,XGB_prob,,0.680153191,0.79,0.732679488
1148,0.76868546,XGB_prob,,0.76868546,0.64,0.028506917
239,0.938630044,XGB_prob,,0.938630044,0.9,0.905620608
316,0.947870016,XGB_prob,,0.947870016,0.82,0.817619825
238,0.950011134,XGB_prob,,0.950011134,0.72,0.140108803
105,0.969130695,XGB_prob,,0.969130695,0.88,0.678389614
1167,0.99760735,XGB_prob,,0.99760735,0.83,0.239441666
628,0.69235456,XGB_prob,,0.69235456,0.65,0.121332386
114,0.982043445,XGB_prob,,0.982043445,0.83,0.819382111
488,0.87582463,XGB_prob,,0.87582463,0.79,0.216119829
418,0.142705157,XGB_prob,,0.142705157,0.78,0.910193119
583,0.813528836,XGB_prob,,0.813528836,0.82,0.741009401
670,0.970367074,XGB_prob,,0.970367074,0.89,0.836069559
216,0.721399784,XGB_prob,,0.721399784,0.63,0.017480641
54,0.834699631,XGB_prob,,0.834699631,0.83,0.444557701
226,0.945035994,XGB_prob,,0.945035994,0.79,0.634930434
71,0.979316175,XGB_prob,,0.979316175,0.92,0.905098844
92,0.932177424,XGB_prob,,0.932177424,0.83,0.627036363
607,0.923382401,XGB_prob,,0.923382401,0.46,0.856002571
83,0.953320801,XGB_prob,,0.953320801,0.93,0.595279738
1149,0.985215664,XGB_prob,,0.985215664,0.81,0.554924631
1169,0.754678726,XGB_prob,,0.754678726,0.82,0.91024239
1167,0.933444917,XGB_prob,,0.933444917,0.67,0.797783871
64,0.97717005,XGB_prob,,0.97717005,0.91,0.951006197
170,0.969623864,XGB_prob,,0.969623864,0.87,0.873809517
1167,0.996066153,XGB_prob,,0.996066153,0.79,0.678373706
755,0.889450252,XGB_prob,,0.889450252,0.59,0.273212429
931,0.96356225,XGB_prob,,0.96356225,0.9,0.229910941
239,0.800632,XGB_prob,,0.800632,0.86,0.910197886
1169,0.844680369,XGB_prob,,0.844680369,0.62,0.032395358
324,0.956636965,XGB_prob,,0.956636965,0.69,0.621328655
352,0.92616713,XGB_prob,,0.92616713,0.77,0.441901305
110,0.941104889,XGB_prob,,0.941104889,0.85,0.84422724
1124,0.976480722,XGB_prob,,0.976480722,0.84,0.942130473
642,0.933860958,XGB_prob,,0.933860958,0.88,0.900312446
362,0.914197147,XGB_prob,,0.914197147,0.68,0.292321959
1169,0.991762519,XGB_prob,,0.991762519,0.83,0.68916096
219,0.968820632,XGB_prob,,0.968820632,0.7,0.925410019
108,0.804180026,XGB_prob,,0.804180026,0.67,0.271725491
989,0.963492751,XGB_prob,,0.963492751,0.85,0.390919632
791,0.793916345,XGB_prob,,0.793916345,0.81,0.694511277
309,0.89134717,XGB_prob,,0.89134717,0.74,0.472139735
256,0.883243501,XGB_prob,,0.883243501,0.78,0.492078188
1169,0.925801635,XGB_prob,,0.925801635,0.75,0.561770799
49,0.938377857,XGB_prob,,0.938377857,0.54,0.910175092
114,0.888243616,XGB_prob,,0.888243616,0.87,0.187458392
86,0.966042757,XGB_prob,,0.966042757,0.88,0.865869085
92,0.984526634,XGB_prob,,0.984526634,0.9,0.971217363
550,0.962010205,XGB_prob,,0.962010205,0.91,0.934745154
614,0.951582372,XGB_prob,,0.951582372,0.83,0.910153864
416,0.96459353,XGB_prob,,0.96459353,0.89,0.865526689
109,0.915899575,XGB_prob,,0.915899575,0.69,0.113255127
238,0.928442121,XGB_prob,,0.928442121,0.85,0.854681479
583,0.928984761,XGB_prob,,0.928984761,0.53,0.766462875
239,0.983720541,XGB_prob,,0.983720541,0.93,0.333159861
80,0.896741688,XGB_prob,,0.896741688,0.84,0.115844309
1148,0.982663155,XGB_prob,,0.982663155,0.93,0.984660132
1169,0.922837853,XGB_prob,,0.922837853,0.82,0.904872464
540,0.984686673,XGB_prob,,0.984686673,0.76,0.87986797
363,0.907223046,XGB_prob,,0.907223046,0.9,0.892231992
218,0.979279935,XGB_prob,,0.979279935,0.91,0.981103957
416,0.774695277,XGB_prob,,0.774695277,0.7,0.913710697
134,0.970378995,XGB_prob,,0.970378995,0.89,0.762005813
52,0.934430122,XGB_prob,,0.934430122,0.85,0.70870162
1168,0.976634085,XGB_prob,,0.976634085,0.79,0.453617935
239,0.991956234,XGB_prob,,0.991956234,0.93,0.909438967
670,0.995286167,XGB_prob,,0.995286167,0.95,0.942127928
239,0.958985507,XGB_prob,,0.958985507,0.8,0.223248598
172,0.87444067,XGB_prob,,0.87444067,0.81,0.654148802
109,0.986639202,XGB_prob,,0.986639202,0.93,0.822481592
417,0.635136783,XGB_prob,,0.635136783,0.67,0.122761339
92,0.978500664,XGB_prob,,0.978500664,0.86,0.520022849
1167,0.98791194,XGB_prob,,0.98791194,0.84,0.99648697
239,0.91680479,XGB_prob,,0.91680479,0.74,0.39501894
614,0.994308054,XGB_prob,,0.994308054,0.9,0.145562285
971,0.978098392,XGB_prob,,0.978098392,0.74,0.840445736
417,0.983634233,XGB_prob,,0.983634233,0.91,0.986572646
261,0.950741708,XGB_prob,,0.950741708,0.76,0.095125249
259,0.948851287,XGB_prob,,0.948851287,0.85,0.401231744
239,0.89,RF_prob,,,,
171,0.47,RF_prob,,,,
45,0.76,RF_prob,,,,
770,0.89,RF_prob,,,,
98,0.79,RF_prob,,,,
1169,0.72,RF_prob,,,,
333,0.75,RF_prob,,,,
1169,0.85,RF_prob,,,,
1167,0.78,RF_prob,,,,
162,0.88,RF_prob,,,,
238,0.89,RF_prob,,,,
352,0.91,RF_prob,,,,
160,0.87,RF_prob,,,,
25,0.76,RF_prob,,,,
1168,0.9,RF_prob,,,,
317,0.43,RF_prob,,,,
932,0.32,RF_prob,,,,
584,0.8,RF_prob,,,,
217,0.88,RF_prob,,,,
107,0.6,RF_prob,,,,
145,0.7,RF_prob,,,,
1149,0.7,RF_prob,,,,
353,0.84,RF_prob,,,,
67,0.86,RF_prob,,,,
343,0.7,RF_prob,,,,
239,0.95,RF_prob,,,,
990,0.82,RF_prob,,,,
217,0.91,RF_prob,,,,
417,0.65,RF_prob,,,,
87,0.16,RF_prob,,,,
239,0.87,RF_prob,,,,
1167,0.89,RF_prob,,,,
261,0.87,RF_prob,,,,
378,0.88,RF_prob,,,,
583,0.89,RF_prob,,,,
1168,0.86,RF_prob,,,,
995,0.72,RF_prob,,,,
352,0.84,RF_prob,,,,
27,0.15,RF_prob,,,,
229,0.96,RF_prob,,,,
217,0.85,RF_prob,,,,
1148,0.86,RF_prob,,,,
12,0.66,RF_prob,,,,
788,0.94,RF_prob,,,,
52,0.7,RF_prob,,,,
71,0.8,RF_prob,,,,
1169,0.96,RF_prob,,,,
239,0.67,RF_prob,,,,
349,0.76,RF_prob,,,,
584,0.68,RF_prob,,,,
670,0.89,RF_prob,,,,
356,0.91,RF_prob,,,,
309,0.86,RF_prob,,,,
592,0.92,RF_prob,,,,
58,0.83,RF_prob,,,,
985,0.86,RF_prob,,,,
988,0.89,RF_prob,,,,
1001,0.32,RF_prob,,,,
55,0.75,RF_prob,,,,
584,0.8,RF_prob,,,,
230,0.8,RF_prob,,,,
576,0.87,RF_prob,,,,
352,0.81,RF_prob,,,,
212,0.86,RF_prob,,,,
1169,0.7,RF_prob,,,,
1165,0.79,RF_prob,,,,
53,0.89,RF_prob,,,,
1168,0.91,RF_prob,,,,
222,0.84,RF_prob,,,,
898,0.71,RF_prob,,,,
175,0.72,RF_prob,,,,
247,0.74,RF_prob,,,,
1148,0.84,RF_prob,,,,
82,0.77,RF_prob,,,,
788,0.75,RF_prob,,,,
25,0.91,RF_prob,,,,
368,0.93,RF_prob,,,,
286,0.9,RF_prob,,,,
579,0.78,RF_prob,,,,
958,0.88,RF_prob,,,,
663,0.34,RF_prob,,,,
239,0.92,RF_prob,,,,
876,0.85,RF_prob,,,,
366,0.67,RF_prob,,,,
65,0.8,RF_prob,,,,
1168,0.9,RF_prob,,,,
239,0.87,RF_prob,,,,
1168,0.91,RF_prob,,,,
256,0.56,RF_prob,,,,
41,0.93,RF_prob,,,,
65,0.64,RF_prob,,,,
363,0.91,RF_prob,,,,
1169,0.84,RF_prob,,,,
105,0.82,RF_prob,,,,
608,0.86,RF_prob,,,,
285,0.65,RF_prob,,,,
620,0.82,RF_prob,,,,
24,0.03,RF_prob,,,,
353,0.75,RF_prob,,,,
29,0.64,RF_prob,,,,
1160,0.66,RF_prob,,,,
139,0.95,RF_prob,,,,
239,0.96,RF_prob,,,,
172,0.94,RF_prob,,,,
52,0.9,RF_prob,,,,
55,0.92,RF_prob,,,,
460,0.15,RF_prob,,,,
958,0.92,RF_prob,,,,
81,0.85,RF_prob,,,,
833,0.87,RF_prob,,,,
142,0.81,RF_prob,,,,
230,0.79,RF_prob,,,,
367,0.74,RF_prob,,,,
1169,0.77,RF_prob,,,,
35,0.59,RF_prob,,,,
363,0.85,RF_prob,,,,
629,0.9,RF_prob,,,,
260,0.83,RF_prob,,,,
235,0.95,RF_prob,,,,
114,0.8,RF_prob,,,,
24,0.84,RF_prob,,,,
143,0.91,RF_prob,,,,
95,0.69,RF_prob,,,,
371,0.92,RF_prob,,,,
243,0.65,RF_prob,,,,
218,0.8,RF_prob,,,,
218,0.76,RF_prob,,,,
239,0.83,RF_prob,,,,
99,0.67,RF_prob,,,,
488,0.87,RF_prob,,,,
423,0.22,RF_prob,,,,
1125,0.87,RF_prob,,,,
287,0.75,RF_prob,,,,
58,0.92,RF_prob,,,,
416,0.77,RF_prob,,,,
612,0.59,RF_prob,,,,
52,0.6,RF_prob,,,,
416,0.83,RF_prob,,,,
895,0.93,RF_prob,,,,
552,0.73,RF_prob,,,,
644,0.48,RF_prob,,,,
671,0.9,RF_prob,,,,
216,0.88,RF_prob,,,,
788,0.43,RF_prob,,,,
135,0.86,RF_prob,,,,
668,0.91,RF_prob,,,,
239,0.82,RF_prob,,,,
256,0.76,RF_prob,,,,
239,0.76,RF_prob,,,,
202,0.91,RF_prob,,,,
196,0.94,RF_prob,,,,
1169,0.88,RF_prob,,,,
1167,0.77,RF_prob,,,,
788,0.8,RF_prob,,,,
607,0.88,RF_prob,,,,
222,0.89,RF_prob,,,,
1169,0.77,RF_prob,,,,
62,0.83,RF_prob,,,,
260,0.97,RF_prob,,,,
1168,0.87,RF_prob,,,,
79,0.4,RF_prob,,,,
788,0.94,RF_prob,,,,
1169,0.76,RF_prob,,,,
207,0.77,RF_prob,,,,
658,0.85,RF_prob,,,,
29,0.87,RF_prob,,,,
1168,0.81,RF_prob,,,,
82,0.73,RF_prob,,,,
716,0.82,RF_prob,,,,
175,0.89,RF_prob,,,,
1147,0.82,RF_prob,,,,
352,0.54,RF_prob,,,,
933,0.63,RF_prob,,,,
286,0.89,RF_prob,,,,
584,0.88,RF_prob,,,,
237,0.62,RF_prob,,,,
658,0.66,RF_prob,,,,
417,0.16,RF_prob,,,,
114,0.89,RF_prob,,,,
352,0.98,RF_prob,,,,
48,0.91,RF_prob,,,,
235,0.78,RF_prob,,,,
34,0.74,RF_prob,,,,
1169,0.69,RF_prob,,,,
609,0.74,RF_prob,,,,
92,0.75,RF_prob,,,,
105,0.86,RF_prob,,,,
233,0.91,RF_prob,,,,
788,0.63,RF_prob,,,,
71,0.76,RF_prob,,,,
58,0.64,RF_prob,,,,
788,0.72,RF_prob,,,,
594,0.67,RF_prob,,,,
698,0.93,RF_prob,,,,
901,0.78,RF_prob,,,,
583,0.82,RF_prob,,,,
238,0.98,RF_prob,,,,
19,0.96,RF_prob,,,,
109,0.06,RF_prob,,,,
1169,0.83,RF_prob,,,,
116,0.97,RF_prob,,,,
1167,0.98,RF_prob,,,,
512,0.96,RF_prob,,,,
363,0.8,RF_prob,,,,
101,0.85,RF_prob,,,,
55,0.78,RF_prob,,,,
611,0.93,RF_prob,,,,
269,0.65,RF_prob,,,,
988,0.93,RF_prob,,,,
1148,0.9,RF_prob,,,,
391,0.09,RF_prob,,,,
176,0.96,RF_prob,,,,
175,0.81,RF_prob,,,,
1167,0.89,RF_prob,,,,
1169,0.93,RF_prob,,,,
103,0.91,RF_prob,,,,
58,0.79,RF_prob,,,,
1167,0.68,RF_prob,,,,
1000,0.91,RF_prob,,,,
834,0.84,RF_prob,,,,
84,0.79,RF_prob,,,,
418,0.79,RF_prob,,,,
1148,0.64,RF_prob,,,,
239,0.9,RF_prob,,,,
316,0.82,RF_prob,,,,
238,0.72,RF_prob,,,,
105,0.88,RF_prob,,,,
1167,0.83,RF_prob,,,,
628,0.65,RF_prob,,,,
114,0.83,RF_prob,,,,
488,0.79,RF_prob,,,,
418,0.78,RF_prob,,,,
583,0.82,RF_prob,,,,
670,0.89,RF_prob,,,,
216,0.63,RF_prob,,,,
54,0.83,RF_prob,,,,
226,0.79,RF_prob,,,,
71,0.92,RF_prob,,,,
92,0.83,RF_prob,,,,
607,0.46,RF_prob,,,,
83,0.93,RF_prob,,,,
1149,0.81,RF_prob,,,,
1169,0.82,RF_prob,,,,
1167,0.67,RF_prob,,,,
64,0.91,RF_prob,,,,
170,0.87,RF_prob,,,,
1167,0.79,RF_prob,,,,
755,0.59,RF_prob,,,,
931,0.9,RF_prob,,,,
239,0.86,RF_prob,,,,
1169,0.62,RF_prob,,,,
324,0.69,RF_prob,,,,
352,0.77,RF_prob,,,,
110,0.85,RF_prob,,,,
1124,0.84,RF_prob,,,,
642,0.88,RF_prob,,,,
362,0.68,RF_prob,,,,
1169,0.83,RF_prob,,,,
219,0.7,RF_prob,,,,
108,0.67,RF_prob,,,,
989,0.85,RF_prob,,,,
791,0.81,RF_prob,,,,
309,0.74,RF_prob,,,,
256,0.78,RF_prob,,,,
1169,0.75,RF_prob,,,,
49,0.54,RF_prob,,,,
114,0.87,RF_prob,,,,
86,0.88,RF_prob,,,,
92,0.9,RF_prob,,,,
550,0.91,RF_prob,,,,
614,0.83,RF_prob,,,,
416,0.89,RF_prob,,,,
109,0.69,RF_prob,,,,
238,0.85,RF_prob,,,,
583,0.53,RF_prob,,,,
239,0.93,RF_prob,,,,
80,0.84,RF_prob,,,,
1148,0.93,RF_prob,,,,
1169,0.82,RF_prob,,,,
540,0.76,RF_prob,,,,
363,0.9,RF_prob,,,,
218,0.91,RF_prob,,,,
416,0.7,RF_prob,,,,
134,0.89,RF_prob,,,,
52,0.85,RF_prob,,,,
1168,0.79,RF_prob,,,,
239,0.93,RF_prob,,,,
670,0.95,RF_prob,,,,
239,0.8,RF_prob,,,,
172,0.81,RF_prob,,,,
109,0.93,RF_prob,,,,
417,0.67,RF_prob,,,,
92,0.86,RF_prob,,,,
1167,0.84,RF_prob,,,,
239,0.74,RF_prob,,,,
614,0.9,RF_prob,,,,
971,0.74,RF_prob,,,,
417,0.91,RF_prob,,,,
261,0.76,RF_prob,,,,
259,0.85,RF_prob,,,,
239,0.914020399,SVM_prob,,,,
171,0.603935887,SVM_prob,,,,
45,0.157442717,SVM_prob,,,,
770,0.965823672,SVM_prob,,,,
98,0.561391244,SVM_prob,,,,
1169,0.21125583,SVM_prob,,,,
333,0.378215516,SVM_prob,,,,
1169,0.842829563,SVM_prob,,,,
1167,0.233645444,SVM_prob,,,,
162,0.912015646,SVM_prob,,,,
238,0.599970339,SVM_prob,,,,
352,0.965219795,SVM_prob,,,,
160,0.926530607,SVM_prob,,,,
25,0.656793341,SVM_prob,,,,
1168,0.464924412,SVM_prob,,,,
317,0.45067638,SVM_prob,,,,
932,0.163805044,SVM_prob,,,,
584,0.902319868,SVM_prob,,,,
217,0.83487135,SVM_prob,,,,
107,0.145444363,SVM_prob,,,,
145,0.507686496,SVM_prob,,,,
1149,0.321183893,SVM_prob,,,,
353,0.886342475,SVM_prob,,,,
67,0.903113208,SVM_prob,,,,
343,0.606549748,SVM_prob,,,,
239,0.887997571,SVM_prob,,,,
990,0.286937383,SVM_prob,,,,
217,0.653643572,SVM_prob,,,,
417,0.105387843,SVM_prob,,,,
87,0.683721027,SVM_prob,,,,
239,0.81575747,SVM_prob,,,,
1167,0.881443773,SVM_prob,,,,
261,0.780556288,SVM_prob,,,,
378,0.465727633,SVM_prob,,,,
583,0.898854616,SVM_prob,,,,
1168,0.686021481,SVM_prob,,,,
995,0.840481124,SVM_prob,,,,
352,0.196821972,SVM_prob,,,,
27,0.37801659,SVM_prob,,,,
229,0.982255486,SVM_prob,,,,
217,0.906609324,SVM_prob,,,,
1148,0.188315926,SVM_prob,,,,
12,0.226293396,SVM_prob,,,,
788,0.921193407,SVM_prob,,,,
52,0.063265701,SVM_prob,,,,
71,0.73217342,SVM_prob,,,,
1169,0.988249072,SVM_prob,,,,
239,0.936690159,SVM_prob,,,,
349,0.132677671,SVM_prob,,,,
584,0.176426204,SVM_prob,,,,
670,0.782342262,SVM_prob,,,,
356,0.781367449,SVM_prob,,,,
309,0.585678165,SVM_prob,,,,
592,0.896113671,SVM_prob,,,,
58,0.592558486,SVM_prob,,,,
985,0.824851902,SVM_prob,,,,
988,0.939541595,SVM_prob,,,,
1001,0.146845838,SVM_prob,,,,
55,0.061122325,SVM_prob,,,,
584,0.987623557,SVM_prob,,,,
230,0.505791321,SVM_prob,,,,
576,0.945971781,SVM_prob,,,,
352,0.140065516,SVM_prob,,,,
212,0.683551123,SVM_prob,,,,
1169,0.308478437,SVM_prob,,,,
1165,0.987049614,SVM_prob,,,,
53,0.949776549,SVM_prob,,,,
1168,0.410286799,SVM_prob,,,,
222,0.188176268,SVM_prob,,,,
898,0.068363212,SVM_prob,,,,
175,0.832152628,SVM_prob,,,,
247,0.128949299,SVM_prob,,,,
1148,0.5,SVM_prob,,,,
82,0.162000651,SVM_prob,,,,
788,0.265187818,SVM_prob,,,,
25,0.932841467,SVM_prob,,,,
368,0.743229106,SVM_prob,,,,
286,0.822868438,SVM_prob,,,,
579,0.144896055,SVM_prob,,,,
958,0.847605311,SVM_prob,,,,
663,0.086064562,SVM_prob,,,,
239,0.773738481,SVM_prob,,,,
876,0.597590656,SVM_prob,,,,
366,0.673757536,SVM_prob,,,,
65,0.146953828,SVM_prob,,,,
1168,0.770743883,SVM_prob,,,,
239,0.805394891,SVM_prob,,,,
1168,0.782128686,SVM_prob,,,,
256,0.465239226,SVM_prob,,,,
41,0.91014599,SVM_prob,,,,
65,0.332764464,SVM_prob,,,,
363,0.959784681,SVM_prob,,,,
1169,0.822795563,SVM_prob,,,,
105,0.747726211,SVM_prob,,,,
608,0.8738171,SVM_prob,,,,
285,0.097556562,SVM_prob,,,,
620,0.895886909,SVM_prob,,,,
24,0.110099616,SVM_prob,,,,
353,0.633210433,SVM_prob,,,,
29,0.0057258,SVM_prob,,,,
1160,0.529354111,SVM_prob,,,,
139,0.968665711,SVM_prob,,,,
239,0.676194731,SVM_prob,,,,
172,0.975068434,SVM_prob,,,,
52,0.798543247,SVM_prob,,,,
55,0.965925185,SVM_prob,,,,
460,0.061448324,SVM_prob,,,,
958,0.85519316,SVM_prob,,,,
81,0.449251672,SVM_prob,,,,
833,0.857442447,SVM_prob,,,,
142,0.475580842,SVM_prob,,,,
230,0.512796347,SVM_prob,,,,
367,0.681760641,SVM_prob,,,,
1169,0.157567415,SVM_prob,,,,
35,0.032138195,SVM_prob,,,,
363,0.296770559,SVM_prob,,,,
629,0.481937752,SVM_prob,,,,
260,0.601989921,SVM_prob,,,,
235,0.901405826,SVM_prob,,,,
114,0.650120054,SVM_prob,,,,
24,0.956788879,SVM_prob,,,,
143,0.583294893,SVM_prob,,,,
95,0.271139162,SVM_prob,,,,
371,0.841707351,SVM_prob,,,,
243,0.23320907,SVM_prob,,,,
218,0.729630082,SVM_prob,,,,
218,0.256413217,SVM_prob,,,,
239,0.893014833,SVM_prob,,,,
99,0.060452167,SVM_prob,,,,
488,0.797773589,SVM_prob,,,,
423,0.170649189,SVM_prob,,,,
1125,0.737049037,SVM_prob,,,,
287,0.710029671,SVM_prob,,,,
58,0.588006143,SVM_prob,,,,
416,0.069153068,SVM_prob,,,,
612,0.614380524,SVM_prob,,,,
52,0.294542957,SVM_prob,,,,
416,0.537052767,SVM_prob,,,,
895,0.926486357,SVM_prob,,,,
552,0.546940132,SVM_prob,,,,
644,0.20058588,SVM_prob,,,,
671,0.88355504,SVM_prob,,,,
216,0.864927011,SVM_prob,,,,
788,0.185644757,SVM_prob,,,,
135,0.737405658,SVM_prob,,,,
668,0.872834569,SVM_prob,,,,
239,0.524298166,SVM_prob,,,,
256,0.910189119,SVM_prob,,,,
239,0.779052144,SVM_prob,,,,
202,0.990090408,SVM_prob,,,,
196,0.946116174,SVM_prob,,,,
1169,0.586916604,SVM_prob,,,,
1167,0.270211251,SVM_prob,,,,
788,0.561573688,SVM_prob,,,,
607,0.950767977,SVM_prob,,,,
222,0.968512306,SVM_prob,,,,
1169,0.261066076,SVM_prob,,,,
62,0.182001044,SVM_prob,,,,
260,0.84851146,SVM_prob,,,,
1168,0.905021876,SVM_prob,,,,
79,0.702980448,SVM_prob,,,,
788,0.943726335,SVM_prob,,,,
1169,0.915005729,SVM_prob,,,,
207,0.528563417,SVM_prob,,,,
658,0.955900324,SVM_prob,,,,
29,0.828405125,SVM_prob,,,,
1168,0.978761117,SVM_prob,,,,
82,0.888296094,SVM_prob,,,,
716,0.865313937,SVM_prob,,,,
175,0.958750326,SVM_prob,,,,
1147,0.356309266,SVM_prob,,,,
352,0.395074054,SVM_prob,,,,
933,0.075446092,SVM_prob,,,,
286,0.835635209,SVM_prob,,,,
584,0.79879393,SVM_prob,,,,
237,0.866872337,SVM_prob,,,,
658,0.839168459,SVM_prob,,,,
417,0.082494729,SVM_prob,,,,
114,0.821174432,SVM_prob,,,,
352,0.849230104,SVM_prob,,,,
48,0.906728488,SVM_prob,,,,
235,0.465842763,SVM_prob,,,,
34,0.153882868,SVM_prob,,,,
1169,0.074308496,SVM_prob,,,,
609,0.252407087,SVM_prob,,,,
92,0.60441685,SVM_prob,,,,
105,0.927279859,SVM_prob,,,,
233,0.978178982,SVM_prob,,,,
788,0.085366211,SVM_prob,,,,
71,0.175209627,SVM_prob,,,,
58,0.783122267,SVM_prob,,,,
788,0.211233897,SVM_prob,,,,
594,0.251600771,SVM_prob,,,,
698,0.553224996,SVM_prob,,,,
901,0.402109013,SVM_prob,,,,
583,0.492189283,SVM_prob,,,,
238,0.995834212,SVM_prob,,,,
19,0.889072926,SVM_prob,,,,
109,0.358813144,SVM_prob,,,,
1169,0.628298938,SVM_prob,,,,
116,0.962145712,SVM_prob,,,,
1167,0.965706106,SVM_prob,,,,
512,0.818003308,SVM_prob,,,,
363,0.685797121,SVM_prob,,,,
101,0.441100616,SVM_prob,,,,
55,0.09164508,SVM_prob,,,,
611,0.984607246,SVM_prob,,,,
269,0.013715135,SVM_prob,,,,
988,0.51443736,SVM_prob,,,,
1148,0.350667102,SVM_prob,,,,
391,0.089194111,SVM_prob,,,,
176,0.95154955,SVM_prob,,,,
175,0.526006387,SVM_prob,,,,
1167,0.725084474,SVM_prob,,,,
1169,0.970482188,SVM_prob,,,,
103,0.925746892,SVM_prob,,,,
58,0.460497772,SVM_prob,,,,
1167,0.18827303,SVM_prob,,,,
1000,0.873573945,SVM_prob,,,,
834,0.675369818,SVM_prob,,,,
84,0.209976944,SVM_prob,,,,
418,0.732679488,SVM_prob,,,,
1148,0.028506917,SVM_prob,,,,
239,0.905620608,SVM_prob,,,,
316,0.817619825,SVM_prob,,,,
238,0.140108803,SVM_prob,,,,
105,0.678389614,SVM_prob,,,,
1167,0.239441666,SVM_prob,,,,
628,0.121332386,SVM_prob,,,,
114,0.819382111,SVM_prob,,,,
488,0.216119829,SVM_prob,,,,
418,0.910193119,SVM_prob,,,,
583,0.741009401,SVM_prob,,,,
670,0.836069559,SVM_prob,,,,
216,0.017480641,SVM_prob,,,,
54,0.444557701,SVM_prob,,,,
226,0.634930434,SVM_prob,,,,
71,0.905098844,SVM_prob,,,,
92,0.627036363,SVM_prob,,,,
607,0.856002571,SVM_prob,,,,
83,0.595279738,SVM_prob,,,,
1149,0.554924631,SVM_prob,,,,
1169,0.91024239,SVM_prob,,,,
1167,0.797783871,SVM_prob,,,,
64,0.951006197,SVM_prob,,,,
170,0.873809517,SVM_prob,,,,
1167,0.678373706,SVM_prob,,,,
755,0.273212429,SVM_prob,,,,
931,0.229910941,SVM_prob,,,,
239,0.910197886,SVM_prob,,,,
1169,0.032395358,SVM_prob,,,,
324,0.621328655,SVM_prob,,,,
352,0.441901305,SVM_prob,,,,
110,0.84422724,SVM_prob,,,,
1124,0.942130473,SVM_prob,,,,
642,0.900312446,SVM_prob,,,,
362,0.292321959,SVM_prob,,,,
1169,0.68916096,SVM_prob,,,,
219,0.925410019,SVM_prob,,,,
108,0.271725491,SVM_prob,,,,
989,0.390919632,SVM_prob,,,,
791,0.694511277,SVM_prob,,,,
309,0.472139735,SVM_prob,,,,
256,0.492078188,SVM_prob,,,,
1169,0.561770799,SVM_prob,,,,
49,0.910175092,SVM_prob,,,,
114,0.187458392,SVM_prob,,,,
86,0.865869085,SVM_prob,,,,
92,0.971217363,SVM_prob,,,,
550,0.934745154,SVM_prob,,,,
614,0.910153864,SVM_prob,,,,
416,0.865526689,SVM_prob,,,,
109,0.113255127,SVM_prob,,,,
238,0.854681479,SVM_prob,,,,
583,0.766462875,SVM_prob,,,,
239,0.333159861,SVM_prob,,,,
80,0.115844309,SVM_prob,,,,
1148,0.984660132,SVM_prob,,,,
1169,0.904872464,SVM_prob,,,,
540,0.87986797,SVM_prob,,,,
363,0.892231992,SVM_prob,,,,
218,0.981103957,SVM_prob,,,,
416,0.913710697,SVM_prob,,,,
134,0.762005813,SVM_prob,,,,
52,0.70870162,SVM_prob,,,,
1168,0.453617935,SVM_prob,,,,
239,0.909438967,SVM_prob,,,,
670,0.942127928,SVM_prob,,,,
239,0.223248598,SVM_prob,,,,
172,0.654148802,SVM_prob,,,,
109,0.822481592,SVM_prob,,,,
417,0.122761339,SVM_prob,,,,
92,0.520022849,SVM_prob,,,,
1167,0.99648697,SVM_prob,,,,
239,0.39501894,SVM_prob,,,,
614,0.145562285,SVM_prob,,,,
971,0.840445736,SVM_prob,,,,
417,0.986572646,SVM_prob,,,,
261,0.095125249,SVM_prob,,,,
259,0.401231744,SVM_prob,,,,