motif,AUC,model
,0.94336301,all_XG
,0.849926129,all_XG
,0.945299431,all_XG
,0.936648792,all_XG
AGTTC,0.995594714,all_XG
,0.879101787,all_XG
,0.911002527,all_XG
,0.876300687,all_XG
,0.880726993,all_XG
,0.884578747,all_XG
,0.935344828,all_XG
,0.872486335,all_XG
,0.963511815,all_XG
,0.899232229,all_XG
,0.869540733,all_XG
,0.941998855,all_XG
,0.921783027,all_XG
,0.945999854,all_XG
,0.8398643,all_XG
,0.873645781,all_XG
,0.850766963,all_XG
,0.850614348,all_XG
,0.946273592,all_XG
,0.915301098,all_XG
,0.920719563,all_XG
,0.897998188,all_XG
,0.893714283,all_XG
,0.874979706,all_XG
,0.904089156,all_XG
,0.958248087,all_XG
,0.961992136,all_XG
,0.938935574,all_XG
,0.935700974,all_XG
,0.886685316,all_XG
,0.873525518,all_XG
GCTGG,0.839263701,all_XG
,0.877667872,all_XG
,0.9605707,all_XG
,0.971698113,all_XG
,0.872836023,all_XG
,0.877404586,all_XG
,0.868032494,all_XG
,0.879775317,all_XG
,0.935802967,all_XG
,0.918060231,all_XG
,0.923347771,all_XG
,0.917491564,all_XG
,0.957336781,all_XG
,0.885238095,all_XG
,0.901713124,all_XG
,0.917713161,all_XG
,0.926490811,all_XG
,0.840058232,all_XG
,0.923244842,all_XG
,0.660650362,avg_XG
,0.76313926,avg_XG
,0.719707939,avg_XG
,0.515695988,avg_XG
,0.818181818,avg_XG
,0.65012379,avg_XG
,0.532211237,avg_XG
,0.631626154,avg_XG
,0.548342712,avg_XG
,0.647421349,avg_XG
CATGC,0.86622807,avg_XG
,0.757236739,avg_XG
,0.601871102,avg_XG
,0.687216952,avg_XG
,0.511495698,avg_XG
,0.562295689,avg_XG
,0.632719338,avg_XG
,0.587272304,avg_XG
,0.575640472,avg_XG
,0.706670008,avg_XG
,0.70429616,avg_XG
,0.587408813,avg_XG
,0.648185297,avg_XG
,0.647235453,avg_XG
,0.618058253,avg_XG
,0.56311429,avg_XG
,0.537451791,avg_XG
GATCC,0.506147584,avg_XG
,0.60327,avg_XG
,0.610654326,avg_XG
,0.727922705,avg_XG
,0.591325196,avg_XG
,0.635024795,avg_XG
,0.68425462,avg_XG
,0.576305153,avg_XG
,0.522908529,avg_XG
,0.58787366,avg_XG
,0.603246178,avg_XG
,0.721488402,avg_XG
,0.645071895,avg_XG
,0.511657201,avg_XG
,0.537967348,avg_XG
,0.508424313,avg_XG
,0.558834413,avg_XG
,0.558838229,avg_XG
,0.704570643,avg_XG
,0.56264333,avg_XG
,0.748383621,avg_XG
,0.662300348,avg_XG
,0.691806008,avg_XG
,0.578736098,avg_XG
,0.666439455,avg_XG
,0.667983571,avg_XG
,0.508626447,avg_XG
,0.944566358,all_RF
,0.872004374,all_RF
,0.903693694,all_RF
,0.928336345,all_RF
AGTTC,0.96991453,all_RF
,0.850691116,all_RF
,0.877817362,all_RF
,0.861330433,all_RF
,0.830880167,all_RF
,0.848808746,all_RF
,0.954959451,all_RF
,0.870029251,all_RF
,0.920393979,all_RF
,0.933339356,all_RF
,0.827748056,all_RF
,0.930120102,all_RF
,0.899061405,all_RF
,0.889371625,all_RF
,0.839874192,all_RF
,0.841177599,all_RF
,0.817162421,all_RF
,0.826696788,all_RF
,0.926165269,all_RF
,0.896597783,all_RF
,0.90857378,all_RF
,0.878528633,all_RF
,0.860308304,all_RF
,0.847342684,all_RF
,0.864015716,all_RF
,0.924763833,all_RF
,0.925925926,all_RF
,0.934919809,all_RF
,0.909235426,all_RF
,0.837133672,all_RF
,0.856204005,all_RF
,0.793837572,all_RF
,0.879224349,all_RF
,0.927901564,all_RF
,0.968453378,all_RF
,0.811749151,all_RF
,0.842847091,all_RF
,0.803283429,all_RF
,0.832998502,all_RF
,0.944469261,all_RF
,0.892073257,all_RF
,0.869854148,all_RF
,0.911244395,all_RF
,0.95,all_RF
,0.859403754,all_RF
,0.902729384,all_RF
,0.895229368,all_RF
,0.893739024,all_RF
TGTGC,0.755890705,all_RF
,0.891177908,all_RF
,0.6721541,avg_RF
,0.735720644,avg_RF
,0.684855881,avg_RF
,0.523591139,avg_RF
,0.806034483,avg_RF
,0.633284893,avg_RF
,0.538150468,avg_RF
,0.614111809,avg_RF
,0.556619249,avg_RF
,0.635489282,avg_RF
CATGC,0.909539749,avg_RF
,0.796626984,avg_RF
,0.587033552,avg_RF
,0.659962205,avg_RF
,0.517864943,avg_RF
,0.5716472,avg_RF
,0.655752669,avg_RF
,0.576010355,avg_RF
,0.593723968,avg_RF
,0.72236803,avg_RF
,0.71790481,avg_RF
,0.600656808,avg_RF
,0.697484329,avg_RF
,0.667752224,avg_RF
,0.615799345,avg_RF
,0.581561916,avg_RF
,0.547435883,avg_RF
GATCC,0.507865486,avg_RF
,0.603936177,avg_RF
,0.603675836,avg_RF
,0.697402597,avg_RF
,0.651410341,avg_RF
,0.627952167,avg_RF
,0.665454389,avg_RF
,0.597519813,avg_RF
,0.541288616,avg_RF
,0.585956115,avg_RF
,0.607196411,avg_RF
,0.731364076,avg_RF
,0.644401147,avg_RF
,0.530399057,avg_RF
,0.552648363,avg_RF
,0.511840717,avg_RF
,0.55700017,avg_RF
,0.578102115,avg_RF
,0.699362041,avg_RF
,0.550705283,avg_RF
,0.843734015,avg_RF
,0.645564074,avg_RF
,0.696237624,avg_RF
,0.581079002,avg_RF
,0.680570603,avg_RF
,0.681858455,avg_RF
,0.517724249,avg_RF
,0.950462256,all_SVM
,0.874363277,all_SVM
,0.911206162,all_SVM
,0.942388071,all_SVM
AGTTC,0.951612903,all_SVM
,0.868563576,all_SVM
,0.910472421,all_SVM
,0.855943107,all_SVM
,0.841379811,all_SVM
,0.839266268,all_SVM
,0.852905569,all_SVM
,0.909219744,all_SVM
,0.912930677,all_SVM
,0.888951748,all_SVM
,0.833554283,all_SVM
,0.928133728,all_SVM
,0.892335842,all_SVM
,0.928041914,all_SVM
,0.814278722,all_SVM
,0.861178407,all_SVM
,0.805541773,all_SVM
,0.811818031,all_SVM
,0.921398547,all_SVM
,0.87558475,all_SVM
,0.897814067,all_SVM
,0.854024451,all_SVM
,0.865964821,all_SVM
,0.876203471,all_SVM
,0.884869135,all_SVM
,0.907683983,all_SVM
,0.854112554,all_SVM
,0.927964154,all_SVM
,0.906031122,all_SVM
,0.821307442,all_SVM
,0.853387015,all_SVM
,0.782677649,all_SVM
,0.832873464,all_SVM
,0.923502876,all_SVM
,0.924753836,all_SVM
,0.858965897,all_SVM
,0.85655804,all_SVM
,0.827708331,all_SVM
,0.886123022,all_SVM
,0.908391383,all_SVM
,0.906723118,all_SVM
,0.842195018,all_SVM
,0.883653526,all_SVM
,0.925925926,all_SVM
,0.890909091,all_SVM
,0.903610675,all_SVM
,0.897019736,all_SVM
,0.905556137,all_SVM
TGTGC,0.775802671,all_SVM
,0.877141638,all_SVM
,0.64363239,avg_SVM
,0.713484925,avg_SVM
,0.702713642,avg_SVM
GCTGG,0.5,avg_SVM
,0.776939655,avg_SVM
,0.534759723,avg_SVM
,0.502411993,avg_SVM
,0.572139597,avg_SVM
,0.5,avg_SVM
,0.606198898,avg_SVM
CATGC,0.870689655,avg_SVM
,0.718466946,avg_SVM
,0.524098882,avg_SVM
,0.61533092,avg_SVM
,0.5,avg_SVM
,0.514876314,avg_SVM
,0.605062229,avg_SVM
,0.512682616,avg_SVM
,0.5,avg_SVM
,0.661886921,avg_SVM
,0.666128109,avg_SVM
,0.547386086,avg_SVM
,0.538647535,avg_SVM
,0.610541786,avg_SVM
,0.548894598,avg_SVM
,0.502808989,avg_SVM
,0.503356049,avg_SVM
,0.5,avg_SVM
,0.551731491,avg_SVM
,0.527784631,avg_SVM
,0.647641509,avg_SVM
,0.557655039,avg_SVM
,0.547079858,avg_SVM
,0.629353466,avg_SVM
,0.500596659,avg_SVM
,0.5,avg_SVM
,0.51052736,avg_SVM
,0.527794346,avg_SVM
,0.689116961,avg_SVM
,0.565272978,avg_SVM
,0.5,avg_SVM
,0.508080647,avg_SVM
,0.5,avg_SVM
,0.504676439,avg_SVM
,0.5,avg_SVM
,0.67012904,avg_SVM
,0.5,avg_SVM
,0.771012931,avg_SVM
,0.564057564,avg_SVM
,0.671360821,avg_SVM
,0.5,avg_SVM
,0.595014243,avg_SVM
,0.594955065,avg_SVM
,0.5,avg_SVM
